title,url,sites,author
Moneyball teams,http://bg-blog.com/2017/04/21/moneyball-teams/,bg-blog.com,bdg
Ask HN: Who is hiring? (May 2017),item?id=14238005,without site,whoishiring
Coming Soon: CockroachDB 1.0,https://www.cockroachlabs.com/blog/coming-soon-what-to-expect-in-cockroachdb-1-0/,cockroachlabs.com,manigandham
Asynchronous Programming in Python: Asyncio,http://djangostars.com/blog/asynchronous-programming-in-python-asyncio/,djangostars.com,submeta
Getting Started with Headless Chrome,https://developers.google.com/web/updates/2017/04/headless-chrome,developers.google.com,uptown
Esoteric programming paradigms,http://www.ybrikman.com/writing/2014/04/09/six-programming-paradigms-that-will/,ybrikman.com,SlyShy
Are we underestimating the vulnerability of bridges?,https://engineering.stanford.edu/news/when-bridges-collapse-are-we-underestimating-risk,stanford.edu,smb06
PfSense 2.5 and AES-NI,https://www.netgate.com/blog/pfsense-2-5-and-aes-ni.html,netgate.com,sashk
Programming as a Way of Thinking,https://blogs.scientificamerican.com/guest-blog/programming-as-a-way-of-thinking,scientificamerican.com,pmcpinto
Y Combinator When No One Cared,http://foundersatwork.posthaven.com/y-combinator-when-no-one-cared,foundersatwork.posthaven.com,tomhoward
Why Walking Helps Us Think (2014),http://www.newyorker.com/tech/elements/walking-helps-us-think,newyorker.com,bootload
FuncShell – A Haskell-based alternative to awk,https://github.com/iostreamer-X/FuncShell,github.com,_iostreamer_
John Paulson’s Fall from Hedge Fund Stardom,https://www.nytimes.com/2017/05/01/business/dealbook/john-paulsons-fall-from-hedge-fund-stardom.html,nytimes.com,chollida1
Information Technology and Moral Values (2012),https://plato.stanford.edu/entries/it-moral-values/,stanford.edu,lainon
Kotlin doesn’t need an LLVM backend (2016),https://blog.plan99.net/kotlin-native-310ffac94af2,plan99.net,bmaupin
IBM and Red Hat to Vote “No” on Java Modules (Jigsaw),https://www.infoq.com/news/2017/05/no-jigsaw,infoq.com,taylodl
Intel platforms from 2008 onwards have a remotely exploitable security hole,https://semiaccurate.com/2017/05/01/remote-security-exploit-2008-intel-platforms/,semiaccurate.com,theSoenke
Loyalty in Online Communities [pdf],https://web.stanford.edu/~jurafsky/pubs/paper-loyalty.pdf,stanford.edu,lainon
Coding the Matrix: Linear Algebra Through Computer Science Applications,http://codingthematrix.com/,codingthematrix.com,jmstfv
Root Zone Database,http://www.iana.org/domains/root/db,iana.org,varunvkrishnan
Bridj shuts down,http://www.bridj.com/,bridj.com,seibelj
SpaceX Falcon 9 first stage has landed at LZ-1 [video],https://www.youtube.com/watch?v=EzQpkQ1etdA,youtube.com,romanhotsiy
Sent to Prison by a Software Program’s Secret Algorithms,https://www.nytimes.com/2017/05/01/us/politics/sent-to-prison-by-a-software-programs-secret-algorithms.html,nytimes.com,gscott
I2P-Bote – Email plugin for the I2P network that uses a distributed hash table,https://i2pbote.xyz/,i2pbote.xyz,jerheinze
Rhubarb: The role of Edinburgh in its cultivation and development [pdf],http://www.rcpe.ac.uk/sites/default/files/jrcpe_47_1_lee.pdf,rcpe.ac.uk,DanBC
A Thinking Person's Guide to the Latest Bitcoin Drama,http://hackingdistributed.com/2017/04/05/bitcoin-drama-response/,hackingdistributed.com,deegles
"By 2030, You'll Be Living in a World That's Run by Google",https://futurism.com/by-2030-youll-be-living-in-a-world-thats-run-by-google/,futurism.com,rbanffy
Show HN: Sorting Two Metric Tons of Lego,https://jacquesmattheij.com/sorting-two-metric-tons-of-lego,jacquesmattheij.com,jacquesm
Flexport is hiring a Chief of Staff,https://www.flexport.com/careers/job/677028,flexport.com,3 hours ago
How ZIP codes nearly masked the lead problem in Flint (2016),https://theconversation.com/how-zip-codes-nearly-masked-the-lead-problem-in-flint-65626,theconversation.com,dll
How ZIP codes nearly masked the lead problem in Flint (2016),https://theconversation.com/how-zip-codes-nearly-masked-the-lead-problem-in-flint-65626,theconversation.com,dll
Modern “Hackintoshes” show that Apple should probably just build a Mac tower,https://arstechnica.com/apple/2017/05/hackintoshes-keep-giving-apples-frustrated-pros-a-place-to-go/,arstechnica.com,Errorcod3
HardenedLinux: The way to the Ark,https://hardenedlinux.github.io/announcement/2017/04/29/hardenedlinux-statement2.html,hardenedlinux.github.io,hardenedlinux
Springer retracting 107 papers published in Tumor Biology with fake peer reviews,http://retractionwatch.com/2017/04/20/new-record-major-publisher-retracting-100-studies-cancer-journal-fake-peer-reviews/,retractionwatch.com,mathgenius
Elon Musk (TED 2017),https://www.ted.com/talks/elon_musk_the_future_we_re_building_and_boring#t-1178753,ted.com,mklarmann
First introduction to LaTeX,https://www.sharelatex.com/learn/Learn_LaTeX_in_30_minutes,sharelatex.com,rawland
How to Read Mathematics,http://web.stonehill.edu/compsci/History_Math/math-read.htm,stonehill.edu,ColinWright
Facebook Australia allowed advertisers to target teens’ emotional states,https://arstechnica.com/business/2017/05/facebook-helped-advertisers-target-teens-who-feel-worthless/,arstechnica.com,reirob
One of the Earliest Industrial Spies Was a French Missionary Stationed in China,http://www.atlasobscura.com/articles/porcelain-corporate-espionage-china-missionary-dentrecolles,atlasobscura.com,lermontov
Benchmarking boot latency on x86,http://benyossef.com/benchmarking-boot-latency-on-x86/,benyossef.com,luu
The woman with a strange 'second sight',http://www.bbc.com/future/story/20170428-i-have-a-strange-second-sight,bbc.com,jeffwass
The psychological importance of wasting time,https://qz.com/970924/the-psychological-importance-of-wasting-time/,qz.com,prostoalex
"Engineers Investigate a Simple, No-Bake Recipe to Make Bricks from Martian Soil",http://ucsdnews.ucsd.edu/pressrelease/engineers_investigate_a_no_bake_recipe_to_make_bricks_from_martian_soil,ucsd.edu,jameslk
The next big hit in molecule Hollywood,http://www.nature.com/news/the-next-big-hit-in-molecule-hollywood-1.21887?WT.mc_id=TWT_NatureNews,nature.com,DamonHD
“A closure is a poor man’s object; an object is a poor man’s closure” (2003),http://people.csail.mit.edu/gregs/ll1-discuss-archive-html/msg03277.html,mit.edu,noblethrasher
Simple Exercises To Help Undo the Damage of Sitting (2014),http://www.artofmanliness.com/2014/08/05/undo-the-damage-of-sitting/,artofmanliness.com,t23
How Harvard Business School Has Reshaped American Capitalism,https://www.nytimes.com/2017/04/24/books/review/golden-passport-duff-mcdonald.html?smid=fb-nytimes&smtyp=cur&smvar=wknd&_r=0,nytimes.com,prostoalex
There’s no good way to kill a bad idea,https://qz.com/966006/theres-no-good-way-to-kill-a-bad-idea/,qz.com,spcelzrd
Show HN: /r/place backed by the Bitcoin blockchain,https://mess110.github.io/blog/cryptoplace/,mess110.github.io,mess110
Merriam-Webster Adds 'Sheeple' to Dictionary and Lists Apple Users as Example,https://www.macrumors.com/2017/04/28/merriam-webster-adds-sheeple-to-dictionary/,macrumors.com,devy
My coffeehouse nightmare (2005),http://www.slate.com/id/2132576/,slate.com,wallflower
"Business cancels Yelp advertising contract, negative reviews start pouring in",https://www.reddit.com/r/smallbusiness/comments/68k73n/we_didnt_pay_our_yelp_protection_money_heres_what/,reddit.com,swalsh
How Many X86-64 Instructions Are There Anyway?,https://stefanheule.com/blog/how-many-x86-64-instructions-are-there-anyway/,stefanheule.com,rocky1138
Ulrich Bretscher's Black Powder Page (2006),http://www.musketeer.ch/blackpowder/homemade_bp.html,musketeer.ch,pepys
Apple has a record $250B in the bank,https://arstechnica.com/apple/2017/05/apple-has-a-record-250-billion-in-the-bank/,arstechnica.com,DoritosMan
"When it comes to password security, Greyhound.com is truly awful",https://arstechnica.com/security/2017/05/when-it-comes-to-password-security-greyhound-com-is-truly-awful/,arstechnica.com,hvo
Ask HN: Freelancer? Seeking freelancer? (May 2017),item?id=14238006,without site,whoishiring
VHDL or Verilog?,http://fpgasite.blogspot.com/2017/04/vhdl-or-verilog.html,fpgasite.blogspot.com,chclau
"A simple, possibly correct LR parser for C11 [pdf]",https://jhjourdan.mketjh.fr/pdf/jourdan2017simple.pdf,mketjh.fr,desiderantes
Reverse engineering the 76477 “Space Invaders” sound effect chip from die photos,http://www.righto.com/2017/04/reverse-engineering-76477-space.html?m=1,righto.com,krosaen
Ask HN: Any programmers with long arms?,item?id=14237504,without site,tboyd47
How I got an FBI record at age 11 from dabbling in cryptography (2015),http://web.stanford.edu/~learnest/les/crypto.htm,stanford.edu,tjalfi
The Metaphysics of Causation,https://plato.stanford.edu/entries/causation-metaphysics/,stanford.edu,indexerror
"Understanding differences between npm, yarn and pnpm",https://www.alexkras.com/understanding-differences-between-npm-yarn-and-pnpm/,alexkras.com,akras14
Simon Tatham's Portable Puzzle Collection,http://www.chiark.greenend.org.uk/~sgtatham/puzzles/,greenend.org.uk,tgragnato
ESPN Can't Afford to Go on Like This,https://www.bloomberg.com/view/articles/2017-04-28/espn-can-t-afford-to-go-on-like-this,bloomberg.com,jsm386
"Chromebooks winning in schools, Windows and Apple fight back",https://techcrunch.com/2017/04/27/as-chromebook-sales-soar-in-schools-apple-and-microsoft-fight-back/,techcrunch.com,mgh2
Ask HN: Who wants to be hired? (May 2017),item?id=14238007,without site,whoishiring
Why Use Postgres?,http://www.craigkerstiens.com/2017/04/30/why-postgres-five-years-later/,craigkerstiens.com,timf
Leaked document reveals Facebook conducted research to target insecure youth,http://www.news.com.au/technology/online/social/leaked-document-reveals-facebook-conducted-research-to-target-emotionally-vulnerable-and-insecure-youth/news-story/d256f850be6b1c8a21aec6e32dae16fd,news.com.au,alphonsegaston
The Ultimate in Garbage Collection (1995),https://groups.google.com/forum/message/raw?msg=comp.lang.ada/E9bNCvDQ12k/1tezW24ZxdAJ,groups.google.com,tjalfi
Elon Musk: The future we're building – and boring (TED2017),https://m.youtube.com/watch?v=gv7qL1mcxcw,youtube.com,wonderous
Artifacts at an Exhibition: The Art and Science of Healing,http://recipes.hypotheses.org/9288,hypotheses.org,Petiver
The end of Academia.edu: How business takes over,https://www.diggitmagazine.com/column/end-academiaedu-how-business-takes-over-again,diggitmagazine.com,merraksh
"x64asm: C++ Library with in-memory assembler, parser, and linker",https://github.com/StanfordPL/x64asm,github.com,tomcam
What about cartesian programming?,http://250bpm.com/blog:91,250bpm.com,rumcajz
Berkeley CS189 Machine Learning: Complete Lecture Notes [pdf],http://www.cs.berkeley.edu/~jrs/papers/machlearn.pdf,berkeley.edu,rosstex
Kiwi – a 68k Homebrew Computer,http://www.ist-schlau.de/,ist-schlau.de,rocky1138
Digital Security for the 2017 Lawyer,https://www.cameronhuff.com/blog/bc-courthouse-libraries-presentation/index.html,cameronhuff.com,walterbell
National Park Maps,http://npmaps.com/,npmaps.com,hownottowrite
Deep learning with convolutional neural networks for brain mapping from EEG,https://arxiv.org/abs/1703.05051,arxiv.org,kensai
Climate change is threatening your morning caffeine fix,https://www.bloomberg.com/news/articles/2017-04-28/the-scientists-fighting-to-save-us-from-a-world-without-coffee,bloomberg.com,smb06
UN report lays bare the waste of treating homes as commodities,https://www.theguardian.com/housing-network/2017/feb/28/un-report-lays-bare-the-waste-of-treating-homes-as-commodities,theguardian.com,miraj
Social Networking and Ethics (2015),https://plato.stanford.edu/entries/ethics-social-networking/,stanford.edu,lainon
Symmetries: The Beauty in Physics,http://devdude.me/blog/physSymmetries,devdude.me,__Joker
"Findings about schizophrenia rekindle old questions about genes, identity (2016)",http://www.newyorker.com/magazine/2016/03/28/the-genetics-of-schizophrenia,newyorker.com,benbreen
A New Form of Social Withdrawal in Japan: A Review of ‘Hikikomori’ (2009),https://www.ncbi.nlm.nih.gov/pmc/articles/PMC4886853/,nih.gov,da02
A Closer Look at North Korea’s Ullim Tablet,http://38north.org/2017/03/mwilliams030317/,38north.org,philngo
Is Quantum Theory About Reality or What We Know?,http://nautil.us//blog/is-quantum-theory-about-reality-or-what-we-know,nautil.us,pmcpinto
"Punching holes in Nomx, the world’s “most secure” communications protocol",https://arstechnica.co.uk/information-technology/2017/05/punching-holes-in-nomx-the-worlds-most-secure-communications-protocol/,arstechnica.co.uk,jjuhl
Storyboarding in UX Design,https://uxplanet.org/storyboarding-in-ux-design-b9d2e18e5fab,uxplanet.org,babich
"As Economy Grows, North Korea's Grip on Society Weakens",https://www.nytimes.com/2017/04/30/world/asia/north-korea-economy-marketplace.html,nytimes.com,wallflower
Ask HN: What are the biggest databases you've worked with?,item?id=14235744,without site,barelyusable
How to Read a Paper (2016) [pdf],http://blizzard.cs.uwaterloo.ca/keshav/home/Papers/data/07/paper-reading.pdf,uwaterloo.ca,jdale27
Building a QNX 7 Desktop,https://membarrier.wordpress.com/2017/04/12/qnx-7-desktop/,membarrier.wordpress.com,desiderantes
Show HN: Collaborative drawing with protocol buffers,https://johan-nordberg.com/wspainter/,johan-nordberg.com,rwinn
"6M Riders a Day, at the Mercy of 1930s Technology",https://www.nytimes.com/2017/05/01/nyregion/new-york-subway-signals.html,nytimes.com,andrewke
The Boring Company [video],https://boringcompany.com/,boringcompany.com,janvdberg
LMDB – First version of Redis written in Tcl,https://gist.github.com/antirez/6ca04dd191bdb82aad9fb241013e88a8,github.com,weeber
Elon Musk’s Ex-Wife on What It Takes to Become a Billionaire,https://medium.com/@SoldOutSupplier/elon-musks-ex-wife-on-what-it-takes-to-become-a-billionaire-4b2f58b1cb67,medium.com,JayTsa
Show HN: Automatic Speech Recognition in TensorFlow,https://github.com/zzw922cn/Automatic_Speech_Recognition,github.com,zzw922cn
The Job Application of Leonardo Da Vinci,http://www.lettersofnote.com/2012/03/skills-of-da-vinci.html,lettersofnote.com,bryanrasmussen
IBM and Red Hat to Vote “No” on Java Modules (Jigsaw),https://www.infoq.com/news/2017/05/no-jigsaw?utm_campaign=infoq_content&utm_source=twitter&utm_medium=feed&utm_term=java,infoq.com,chhum
The Invisible War for the Open Internet,https://medium.freecodecamp.com/inside-the-invisible-war-for-the-open-internet-dd31a29a3f08,freecodecamp.com,bootload
Why These Revolutionary Phones Failed,http://gizmodo.com/why-these-revolutionary-phones-failed-so-hard-1794221201,gizmodo.com,pencilpup223
What is meant by a “Zero-Sum Game”?,https://robertpaulwolff.blogspot.com/2017/04/balm-for-soul.html,robertpaulwolff.blogspot.com,erik998
Send and receive money with Gmail,https://support.google.com/mail/answer/3141103?co=GENIE.Platform%3DDesktop&hl=en,support.google.com,nandaja
How I went from failing every interview to a job at Amazon,http://reginaldlong.com/how-i-went-from-failing-every-interview-to-a-job-at-amazon/,reginaldlong.com,reggylong
Award-Winning Nautilus Enters Rough Waters,https://undark.org/2017/04/29/award-winning-nautilus-enters-rough-waters/,undark.org,r721
How to point GDB to your sources,http://alex.dzyoba.com/programming/gdb-source-path.html,dzyoba.com,dzeban
Typefont – An algorithm to recognize the font of a text in a photo,https://github.com/Sirvasile/Typefont,github.com,rendernos
"Lucid, the Dataflow Programming Language (1985) [pdf]","http://worrydream.com/refs/Wadge%20-%20Lucid,%20the%20Dataflow%20Programming%20Language.pdf",worrydream.com,tjalfi
California Bill Mandates Privacy by Design for IoT Devices,http://www.natlawreview.com/article/california-bill-mandates-privacy-design-iot-devices,natlawreview.com,walterbell
Wikipedia blocked in Turkey,https://turkeyblocks.org/2017/04/29/wikipedia-blocked-turkey/,turkeyblocks.org,alansammarone
It's time for legislators and the DMV to crack down on disabled parking cheats,http://www.latimes.com/politics/la-pol-sac-skelton-disabled-parking-placards-20170501-story.html,latimes.com,JumpCrisscross
The Acid Aesthetic: A Brief History of Psychedelic Design,http://www.printmag.com/design-inspiration/acid-aesthetic-history-of-psychedelic-design/,printmag.com,ohjeez
XKCD: Here to Help,https://xkcd.com/1831/,xkcd.com,huskyr
Why Germany Educates International Students for Free,https://www.insidehighered.com/news/2017/04/27/germany-sees-benefits-educating-international-students-free,insidehighered.com,imartin2k
Reforming land use regulations,https://www.brookings.edu/research/reforming-land-use-regulations/,brookings.edu,luu
Why manufacturing jobs aren't coming back to the U.S,http://www.cnbc.com/2017/04/30/iphone-factory-observer-why-trump-cant-bring-manufacturing-jobs-back.html,cnbc.com,smaili
Nontransitive dice,https://en.wikipedia.org/wiki/Nontransitive_dice,wikipedia.org,adenadel
Rust your ARM microcontroller,http://blog.japaric.io/quickstart/,japaric.io,miqkt
"Why Time Slows Down When We’re Afraid,SpeedsUp as We Age,Gets Warped on Vacation",https://www.brainpickings.org/2013/07/15/time-warped-claudia-hammond/,brainpickings.org,dsr12
"Getting Closer to Mass Production of Bones, Organs, and Implants",https://www.bloomberg.com/news/articles/2017-04-27/we-re-getting-closer-to-mass-production-of-bones-organs-and-implants,bloomberg.com,jgrahamc
Archive that can be reconstructed with total loss of file system structure,https://github.com/MarcoPon/SeqBox,github.com,zie
The problem with superlatives in the history of science,https://thonyc.wordpress.com/2017/04/27/the-problem-with-superlatives/,thonyc.wordpress.com,diodorus
NROL-76 Launch Webcast,https://www.youtube.com/watch?v=EzQpkQ1etdA,youtube.com,taspeotis
Luxury Music Festival Turns Out to Be Half-Built Scene of Chaos,http://www.npr.org/sections/thetwo-way/2017/04/28/526019457/paradise-lost-luxury-music-festival-turns-out-to-be-half-built-scene-of-chaos,npr.org,ljk
Read and understand code faster with programming ligatures in Fira Code font,https://visualstudioextensions.vlasovstudio.com/2017/05/01/improve-code-readability-with-programming-ligatures-in-fira-code-font/,vlasovstudio.com,icos
Don’t Call Me a Millennial – I’m an Old Millennial,http://nymag.com/scienceofus/2017/04/two-types-of-millennials.html,nymag.com,ryan_j_naughton
Forcing the password gropers through a smaller hole with OpenBSD's PF queues,http://bsdly.blogspot.com/2017/04/forcing-password-gropers-through.html,bsdly.blogspot.com,bootload
Japan labor shortage prompts shift to hiring permanent workers,https://www.bloomberg.com/news/articles/2017-04-30/japan-s-labor-shortage-prompts-grudging-turn-to-permanent-jobs,bloomberg.com,oska
Visualizing Concurrency in Go (2016),http://divan.github.io/posts/go_concurrency_visualize/,divan.github.io,velodrome
Show HN: Perceptron – Artificial Neural Network Builder,https://github.com/casparwylie/Perceptron,github.com,wyliec
Ask HN: Would you be interested in a “cyberpunk” inspired news site?,item?id=14231642,without site,zabana
Pkg – Package your Node.js project into an executable,https://github.com/zeit/pkg,github.com,brentvatne
A low-resource quantum factoring algorithm [pdf],https://eprint.iacr.org/2017/352.pdf,iacr.org,sigil
Google Fiber Is Moving Ahead Again in a New City,http://fortune.com/2017/04/28/google-fiber-louisville/,fortune.com,MilnerRoute
El Salvador bans metal mining in world first,https://phys.org/news/2017-04-el-salvador-metal-world.html,phys.org,seycombi
Uber’s Anthony Levandowski out as Advanced Technologies lead amid legal fight,https://techcrunch.com/2017/04/27/ubers-anthony-levandowki-out-as-advanced-technologies-lead-amid-legal-fight/,techcrunch.com,petergatsby
How I realised “Free Software” is a better term than “Open Source”,http://www.naughtycomputer.uk/free_software_better_than_open_source.html,naughtycomputer.uk,xylon
Have We Forgotten about Geometry in Computer Vision?,http://alexgkendall.com/computer_vision/have_we_forgotten_about_geometry_in_computer_vision/,alexgkendall.com,AndrewKemendo
"Love in the Time of Numbness; Or, Doctor Chekhov, Writer",http://www.newyorker.com/culture/cultural-comment/love-in-the-time-of-numbness-or-doctor-chekhov-writer,newyorker.com,Hooke
OOP vs. FP,https://medium.com/@richardeng/oop-vs-fp-1a3da34d2030,medium.com,horrido
The Lost Picture Show: Hollywood Archivists Can’t Outpace Obsolescence,http://spectrum.ieee.org/computing/it/the-lost-picture-show-hollywood-archivists-cant-outpace-obsolescence,ieee.org,moreati
Anagram Scoring,http://blog.plover.com/2017/02/21/#anagram-scoring,plover.com,oli5679
Tiny Linux distro that runs the entire OS as Docker containers,https://github.com/rancher/os,github.com,purak
Wacl: Tcl distro customized for WebAssembly,https://fossil.e-lehmann.de/wacl/index,e-lehmann.de,blacksqr
The “Behind The Sofa” Certificate Transparency Log,https://filippo.io/behindthesofa/,filippo.io,FiloSottile
How Web Forums Make Neuroticism Viral,https://www.truthhawk.com/web-forums-make-neuroticism-viral/,truthhawk.com,imartin2k
"The power of the amateurs, from Mendel to Lovecraft, Crick and beyond",https://medium.com/@soufron/the-power-of-the-amateurs-6753be4f7536,medium.com,soufron
China Doesn't Understand the Concept of American Chinese Food (2014),https://munchies.vice.com/en_us/article/china-doesnt-understand-the-concept-of-american-chinese-food,vice.com,prostoalex
"Amazonians, has the work culture changed much since the 2015 NYT article?",https://www.reddit.com/r/SeattleWA/comments/68g0iz/amazonians_has_the_work_culture_changed_much/,reddit.com,deegles
EBay don't understand why people dodge their fees,http://incoherency.co.uk/blog/stories/ebay.html,incoherency.co.uk,jstanley
Why Deutsche Bundesbank had to promise to leave 1200 tons of gold in New York,http://norberthaering.de/en/home/32-english/news/787-bundesbank-gold,norberthaering.de,akrymski
Rockbox 3.14 released,https://www.rockbox.org/wiki/ReleaseNotes314,rockbox.org,theunamedguy
Why Wallflowers Don't Make Friends,http://nymag.com/thecut/2017/04/why-wallflowers-dont-make-friends.html,nymag.com,wallflower
There is no pass by reference in Go,https://dave.cheney.net/2017/04/29/there-is-no-pass-by-reference-in-go,cheney.net,micah_chatt
"If you opened your PayPal account before you were 18, close it",https://medium.com/@iDemonix/paypal-is-still-one-of-the-worst-online-examples-of-customer-service-42f3c13f6cd0,medium.com,iDemonix
N.S.A Halts Collection of Americans’ Emails About Foreign Targets,https://www.nytimes.com/2017/04/28/us/politics/nsa-surveillance-terrorism-privacy.html,nytimes.com,sashk
A Neural Parametric Singing Synthesizer,http://www.dtic.upf.edu/~mblaauw/IS2017_NPSS/,upf.edu,agumonkey
America’s once-thriving middle class is slowly fading away,http://www.marketwatch.com/story/americas-middle-class-is-shrinking-yet-thriving-in-many-other-european-countries-2017-04-24,marketwatch.com,walterbell
Machine Learning: Regression of 911 Calls,http://machinelearningexp.com/machine-learning-regression-911-calls/,machinelearningexp.com,lukasz_km
The Best Shoes for Kids Might Be No Shoes,https://www.parent.co/why-the-best-shoes-for-kids-might-be-no-shoes-at-all/,parent.co,mooreds
How Emulsifiers Are Messing with Our Guts (and Making Us Fat),http://civileats.com/2015/02/25/how-emulsifiers-are-messing-with-our-guts-and-making-us-fat/,civileats.com,walterbell
Reading Is Forgetting (2015),http://www.nybooks.com/daily/2015/06/26/reading-is-forgetting/,nybooks.com,mercer
"Instead of containers, give me strong config and deploy primitives",https://abe-winter.github.io/blues/2017/04/27/config-vs-containers.html,abe-winter.github.io,awinter-py
"Microsoft phone revenue fell to $5M last quarter, from $1.4B two years ago",https://www.neowin.net/news/yep-it039s-dead-microsoft-phone-revenue-fell-to-5m-last-quarter-from-14bn-two-years-ago,neowin.net,doener
Tesla semi truck announced,http://www.zdnet.com/article/elon-musk-teases-electric-tesla-semi-truck-for-september/,zdnet.com,simonebrunozzi
Show HN: Z80 Compiler Visualization,http://8bitworkshop.com/viz.html,8bitworkshop.com,sehugg
"Show HN: Nano-JSON-stream-parser, a 750 bytes streamed JSON parser",https://github.com/maiavictor/nano-json-stream-parser,github.com,LightMachine
A Large Self-Annotated Corpus for Sarcasm,https://arxiv.org/abs/1704.05579,arxiv.org,blopeur
Facebook ads targeting Australian teenagers Predatory advertising sparks outrage,http://www.news.com.au/technology/online/social/leaked-document-reveals-facebook-conducted-research-to-target-emotionally-vulnerable-and-insecure-youth/news-story/d256f850be6b1c8a21aec6e32dae16fd,news.com.au,Jerry2
Postgres tips for Rails developers,https://www.citusdata.com/blog/2017/04/28/postgres-tips-for-rails/,citusdata.com,craigkerstiens
"Juice may taste good, but unlike the fruit, it’s not healthy",https://www.washingtonpost.com/posteverything/wp/2017/04/26/people-think-juice-is-good-for-them-theyre-wrong/,washingtonpost.com,miraj
MapSCII – Braille and ASCII OpenStreetMap renderer for your console,https://github.com/rastapasta/mapscii,github.com,rastapasta
Show HN: Vue and Firebase and Web Audio API,http://banger.fm,banger.fm,elialbert
Rust for Clojurists,https://gist.github.com/oakes/4af1023b6c5162c6f8f0,github.com,lsh
Chinese Offer to Eat Denmark’s Oyster Problem,https://www.nytimes.com/2017/04/28/world/asia/china-oysters-denmark.html?_r=0,nytimes.com,hvo
Simple Python interface to NASA datasets,https://bmtgoncalves.github.io/pyNASA/,bmtgoncalves.github.io,rbanffy
A Digital Archive of Amsterdam's Past,https://www.citylab.com/design/2017/04/amsterdam-digital-archive-maps-photos/521508/,citylab.com,ftclausen
Write Fast Apps Using Async Python 3.6 and Redis,https://eng.paxos.com/write-fast-apps-using-async-python-3.6-and-redis,paxos.com,midas
CoreFreq – CPU monitoring for 64-bit processors,https://github.com/cyring/CoreFreq,github.com,netmonk
"ZetaVM, my new compiler project",https://pointersgonewild.com/2017/04/29/zetavm-my-new-compiler-project/,pointersgonewild.com,ingve
Why I’m Moving on to Web Components and Not Looking Back,https://hackernoon.com/why-im-moving-on-to-web-components-and-not-looking-back-aa8028c99c83,hackernoon.com,wheresvic1
Debian 9 not including support for UEFI Secure Boot,http://www.phoronix.com/scan.php?page=news_item&px=Debian-9-Secure-Boot-Maybe-Not,phoronix.com,aruggirello
"Thank You, Yakkers",https://blog.yikyak.com/blog/thank-you-yakkers,yikyak.com,coloneltcb
Ask HN: How do you keep improving?,item?id=14218408,without site,Superleroy
We need to fill 'new collar' jobs that employers demand: IBM's Rometty,https://www.usatoday.com/story/tech/columnist/2016/12/13/we-need-fill-new-collar-jobs-employers-demand-ibms-rometty/95382248/,usatoday.com,Deinos
Formal Methods in Practice: Using TLA+ at ESpark,https://medium.com/espark-engineering-blog/formal-methods-in-practice-8f20d72bce4f,medium.com,luu
BMW i3 Long Term Battery Capacity Report: Better Than Expected,http://www.bmwblog.com/2017/04/24/bmw-i3-long-term-battery-capacity-report-better-expected/,bmwblog.com,jseliger
Is Memory Mapped File This Fast in Java?,http://sherxon.com/blog/fastest-io-in-java,sherxon.com,Tulik
Resisting the Habits of the Algorithmic Mind (2015),https://thefrailestthing.com/2015/06/03/resisting-the-habits-of-the-algorithmic-mind/,thefrailestthing.com,mercer
A dive into spatial search algorithms,https://medium.com/@agafonkin/a-dive-into-spatial-search-algorithms-ebd0c5e39d2a,medium.com,signa11
Rod Dreher's Monastic Vision,http://www.newyorker.com/magazine/2017/05/01/rod-drehers-monastic-vision,newyorker.com,lermontov
Cities Seek Deliverance from the E-Commerce Boom,https://www.citylab.com/transportation/2017/04/cities-seek-deliverance-from-the-e-commerce-boom/523671/,citylab.com,bostik
Stupid security things,https://www.troyhunt.com/reckon-youve-seen-some-stupid-security-things-here-hold-my-beer/,troyhunt.com,troyhunt
Fact-Check Yourself Before You Fact-Wreck Yourself,http://transom.org/2017/fact-check-fact-wreck/,transom.org,samclemens
Create Next App,https://open.segment.com/create-next-app,segment.com,montogeek
Wendelstein 7-X stellarator getting ready for the next phase of operation [pdf],http://www.ipp.mpg.de/4206699/013_April_2017_eng.pdf,mpg.de,clon
Facebook and Google were conned out of $100M in phishing scheme,https://www.theguardian.com/technology/2017/apr/28/facebook-google-conned-100m-phishing-scheme,theguardian.com,mattmanser
PuTTY 0.69 has been released,http://www.chiark.greenend.org.uk/~sgtatham/putty/releases/0.69.html,greenend.org.uk,tgragnato
Hacker Leaks Episodes from Netflix Show and Threatens Other Networks,https://www.nytimes.com/2017/04/29/business/media/netflix-hack-orange-is-the-new-black.html,nytimes.com,pcl
Southwest to Stop Overbooking as United Uproar Echoes,https://www.bloomberg.com/news/articles/2017-04-27/southwest-to-end-overbooking-as-united-uproar-echoes-in-industry,bloomberg.com,rayuela
A Trillion Edge Graph on a Single Commodity Node,https://www.nextplatform.com/2017/04/27/trillion-edge-graph-single-commodity-node/,nextplatform.com,jcbeard
Can computers cope with human races? (1989),http://web.stanford.edu/~learnest/les/mongrel.htm,stanford.edu,Radim
Show HN: Worldoscope – Create slick reports from World Bank data,https://worldoscope.cxjs.io/,cxjs.io,mstijak
OfflineIMAP: sync and backup tool for IMAP,https://github.com/OfflineIMAP/offlineimap,github.com,TobyGiacometti
Naturalizing a Programming Language via Interactive Learning,https://arxiv.org/abs/1704.06956,arxiv.org,edtechdev
Elevators in an age of higher towers and bigger cities,http://www.curbed.com/2017/4/24/15385658/elevator-skyscraper-urban-design-kone,curbed.com,prostoalex
Elite social media,http://www.theverge.com/2017/4/26/15407144/exclusive-social-media-the-league-best-of-all-worlds-rich-kids,theverge.com,sushobhan
Couple turns to viruses to beat back superbug,http://www.cbc.ca/news/health/phage-therapy-1.4090666,cbc.ca,rhschan
Major Report Prompts Warnings That the Arctic Is Unraveling,https://www.scientificamerican.com/article/major-report-prompts-warnings-that-the-arctic-is-unraveling1/,scientificamerican.com,jonbaer
The postdrome: migraine's silent sister (2011),https://www.theguardian.com/science/2011/may/18/migraine-postdrome-research,theguardian.com,Hooke
"Dammit LinkedIn, I'm a college dropout (2009)",http://paulholmes.ca/2009/11/20/dammit-linkedin-im-a-college-dropout/,paulholmes.ca,iamjeff
Sizzy:Sizzy: A tool for developing responsive websites crazy-fast,https://github.com/kitze/sizzy,github.com,tomcam
Show HN: Emojielog – A simple emojie journal application,http://emojielog.surge.sh,surge.sh,Mechasparrow
On emotional authenticity and masking as an autistic person,http://cassolotl.tumblr.com/post/160117558965,cassolotl.tumblr.com,ColinWright
Spellfucker,https://spellfucker.com/,spellfucker.com,a3n
What i wish i knew when learning haskell,http://dev.stephendiehl.com/hask/,stephendiehl.com,allenleein
A bug in GCC that may cause memory leaks in valid C++ programs,https://akrzemi1.wordpress.com/2017/04/27/a-serious-bug-in-gcc/,akrzemi1.wordpress.com,ingve
"Ask HN: How did you grow from 100 to 1,000 users?",item?id=14227063,without site,sherm8n
"Hey, Computer Scientists Stop Hating on the Humanities",https://www.wired.com/2017/04/hey-computer-scientists-stop-hating-humanities/,wired.com,kiyanwang
Limits of computation,https://en.wikipedia.org/wiki/Limits_of_computation,wikipedia.org,diziet
More than 800 startups sign letter objecting to plans to kill net neutrality,http://www.theverge.com/2017/4/27/15447394/fcc-net-neutrality-roll-back-startups-letter-y-combinator,theverge.com,ergo14
On the Road with Aristotle: Zen and the Art of Motorcycle Maintenance (1974),http://www.the-tls.co.uk/articles/public/zen-art-motorcycle-maintenance/,the-tls.co.uk,samclemens
VM Escape: QEMU Case Study,http://phrack.org/papers/vm-escape-qemu-case-study.html,phrack.org,0xFFC
TLS performance overhead and cost on GNU/Linux,http://david-grs.github.io/tls_performance_overhead_cost_linux/,david-grs.github.io,ingve
TypeScript Progressive Web App Quickstart,https://github.com/insprintorob/typescript-progressive-quickstart/,github.com,aussieguy1234
Grand-maternal smoking in pregnancy and grandchild's autistic traits,https://www.nature.com/articles/srep46179,nature.com,hownottowrite
Roughtime Protocol Message Anatomy,https://int08h.com/post/roughtime-message-anatomy/,int08h.com,int08h
Show HN: An attempt to rethink a music sequencer design,https://github.com/peterrudenko/helio-workstation,github.com,peterrudenko
Mosh v1.3 Released,http://mailman.mit.edu/pipermail/mosh-users/2017-March/000341.html,mit.edu,nikolay
Zinc sponge anode makes Li-ion alternative rechargeable,https://www.electronicsweekly.com/news/research-news/zinc-sponge-anode-makes-li-ion-alternative-rechargeable-2017-04/,electronicsweekly.com,rbanffy
Invisible ripples in wireless spectrum tell Aura if someone’s in your house,http://www.cbc.ca/news/technology/aura-cognitive-systems-home-security-wireless-spectrum-1.4086660,cbc.ca,rhschan
Washington state’s orchards see a game-changer in a robot that picks apples,http://www.seattletimes.com/business/agriculture/a-robot-that-picks-apples-washington-states-orchards-could-see-a-game-changer/,seattletimes.com,e15ctr0n
Basic Type-Level Programming in Haskell,http://www.parsonsmatt.org/2017/04/26/basic_type_level_programming_in_haskell.html,parsonsmatt.org,runeks
A History of Starcraft AI Competitions,http://www.cs.mun.ca/~dchurchill/starcraftaicomp/history.shtml,mun.ca,jonbaer
"Study Shows Black Coders Are More Likely to Get Job Offers, but for Less Money",https://www.inc.com/salvador-rodriguez/hired-salaries-report.html,inc.com,bootload
How to talk about yourself in a developer interview,https://stackoverflow.blog/2017/04/27/how-to-talk-about-yourself-in-an-interview/?utm_content=buffer74fe2&utm_medium=social&utm_source=twitter.com&utm_campaign=buffer,stackoverflow.blog,NickLarsen
China's Didi Raises Over $5.5B in Record Tech Funding,https://www.bloomberg.com/news/articles/2017-04-28/china-s-didi-raises-over-5-5-billion-in-record-tech-funding,bloomberg.com,sinak
Germany's Energy Giant Launches Ethereum-Based Electric Car Charging Stations,http://www.trustnodes.com/2017/04/29/germanys-energy-giant-launches-100s-ethereum-based-electric-cars-charging-stations,trustnodes.com,campbelltown
"A Critic Looks at His Own Early Artwork, 35 Years Later",http://www.vulture.com/2017/04/jerry-saltz-reviews-his-own-early-artwork.html,vulture.com,prismatic
Rust 1.17,https://blog.rust-lang.org/2017/04/27/Rust-1.17.html,rust-lang.org,steveklabnik
Why do we love chilli?,https://www.theguardian.com/lifeandstyle/2017/apr/23/why-do-we-love-chilli-pharmacology-psychology-flavour-pain-feel-the-burn,theguardian.com,pmcpinto
Are We Having Too Much Fun?,https://www.theatlantic.com/entertainment/archive/2017/04/are-we-having-too-much-fun/523143/,theatlantic.com,BerislavLopac
"Analyze un-instrumented ELF core files for leaks, memory growth and corruption",https://github.com/vmware/chap#readme,github.com,ingve
Linux Kernel Testing: Intro to kernelci.org,http://baylibre.com/intro-kernelci/,baylibre.com,walterbell
Europe’s Famed Bog Bodies Are Starting to Reveal Their Secrets,http://www.smithsonianmag.com/science-nature/europe-bog-bodies-reveal-secrets-180962770/?no-ist,smithsonianmag.com,diodorus
Introducing the Google Assistant SDK,https://developers.googleblog.com/2017/04/introducing-google-assistant-sdk.html,googleblog.com,happy-go-lucky
Cafe owners are pulling the plug on WiFi,https://beta.theglobeandmail.com/report-on-business/small-business/sb-managing/we-dont-want-to-be-an-office-cafe-owners-are-pulling-the-plug-on-wifi/article34859828/?ref=http://www.theglobeandmail.com&,theglobeandmail.com,walterbell
New Book Pays Tribute to the Library Card Catalog,http://www.npr.org/2017/04/13/522606808/file-this-under-nostalgia-new-book-pays-tribute-to-the-library-card-catalog,npr.org,bootload
“No”,https://m.signalvnoise.com/no-dd93e12fa599,signalvnoise.com,nate
Vue Loop – Infinite scrolling,https://github.com/lookstudios/vue-loop,github.com,bgian
Show HN: Trump news today,http://www.trump-news.today/,trump-news.today,thegabez
Why I Don't Prepare for Job Interviews,https://dev.to/pbeekums/why-i-dont-prepare-for-job-interviews,dev.to,yoandy
Are you interested in AI and Genomics?,https://www.linkedin.com/pulse/you-interested-artificial-intelligence-genomics-johnny-israeli,linkedin.com,jisraeli
SHOW HN: I rebuilt my blogging app on Node.js and just open sourced it,https://www.postleaf.org/,postleaf.org,claviska
“Paranoid Mode” Compromise Recovery on Qubes OS,https://www.qubes-os.org/news/2017/04/26/qubes-compromise-recovery/#plan-b,qubes-os.org,jerheinze
BerryNet – Deep Learning Gateway on Raspberry Pi,https://github.com/DT42/BerryNet,github.com,revicon
Using LTree to Represent and Query Hierarchy and Tree Structures,http://www.postgresonline.com/journal/archives/173-Using-LTree-to-Represent-and-Query-Hierarchy-and-Tree-Structures.html,postgresonline.com,mpweiher
Goodbye Amazon,https://www.princeton-audio.com/company-news/goodbye-amazon-and-good-riddance,princeton-audio.com,beat
"Show HN: Symatem – An Ontology Engine, Visualizer, and Editor Using WebAssembly",http://symatem.github.io/,symatem.github.io,Lichtso
Concerns with JPMS spec and Jigsaw implementation,http://mail.openjdk.java.net/pipermail/jpms-spec-experts/2017-April/000684.html,java.net,chris_overseas
Performance Modeling: Experimental Computer Science at Its Best (1981) [pdf],http://denninginstitute.com/pjd/PUBS/ecs.pdf,denninginstitute.com,jcbeard
LMDB – First Version of Redis Written in Tcl,https://gist.github.com/antirez/6ca04dd191bdb82aad9fb241013e88a8,github.com,itamarhaber
The Arctic as it is known today is almost certainly gone,http://www.economist.com/news/leaders/21721379-current-trends-arctic-will-be-ice-free-summer-2040-arctic-it-known-today,economist.com,qubitcoder
Inventor who built an Iron Man-style flight suit has flown it at TED,http://www.bbc.co.uk/news/technology-39441825,bbc.co.uk,10dpd
Air-Powered Wheelchair Goes Like the Wind,https://hackaday.com/2017/04/28/air-powered-wheelchair-goes-like-the-wind/?utm_source=feedburner&utm_medium=feed&utm_campaign=Feed%3A+hackaday%2FLgoM+%28Hack+a+Day%29,hackaday.com,seycombi
Phase-functioned neural networks for character control in games,http://theorangeduck.com/page/phase-functioned-neural-networks-character-control,theorangeduck.com,lifeformed
Pnpm: An alternative to npm and yarn,https://www.kochan.io/nodejs/why-should-we-use-pnpm.html,kochan.io,pvinis
"Home burned down, can't rebuild because blueprints infringe on IP",https://np.reddit.com/r/legaladvice/comments/68hwlr/california_my_house_burnt_down_im_being/,reddit.com,spc476
Show HN: Astroe – Multiplayer 2D space battle in your browser,http://astroe.io,astroe.io,dan335
Research into paranormal ability to break through spatial barriers [pdf],https://www.cia.gov/library/readingroom/docs/CIA-RDP96-00792R000300390001-2.pdf,cia.gov,givan
DHL pilot alleges poor labor practices that are spreading throughout industry,https://qz.com/969690/as-a-pilot-ive-seen-up-close-that-global-companies-skirting-american-labor-rules-have-to-be-stopped/,qz.com,prostoalex
The Clean Architecture (2012),https://8thlight.com/blog/uncle-bob/2012/08/13/the-clean-architecture.html,8thlight.com,Flenser
Lab-grown ‘mini-brains’ do mimic human brain development,https://spectrumnews.org/news/toolbox/lab-grown-mini-brains-mimic-brain-development/,spectrumnews.org,chc2149
Fake hardware could open the door to malicious malware and critical failures,http://spectrum.ieee.org/computing/hardware/invasion-of-the-hardware-snatchers-cloned-electronics-pollute-the-market,ieee.org,jnord
Facebook says it will act against 'information operations' using false accounts,http://www.reuters.com/article/us-facebook-propaganda-response-idUSKBN17T2G6,reuters.com,allthebest
"Javascript is a buffet, not the enemy [video]",https://scriptconf.org/blog/javascript-is-a-buffet-not-the-enemy-chris-heilmann/,scriptconf.org,ezequiel-garzon
Just Say No,https://jacquesmattheij.com/just-say-no,jacquesmattheij.com,janvdberg
Why Won't You Answer My Question?,http://rion.io/2017/02/09/why-wont-you-answer-my-question/,rion.io,rionmonster
Organizing the world of fonts with AI,https://medium.com/ideo-stories/organizing-the-world-of-fonts-with-ai-7d9e49ff2b25,medium.com,brudgers
TypeScript 2.3,https://blogs.msdn.microsoft.com/typescript/2017/04/27/announcing-typescript-2-3/,microsoft.com,DanRosenwasser
There's Just No Getting Around It: You're Building a Distributed System (2013),https://queue.acm.org/detail.cfm?id=2482856,acm.org,federicoponzi
Dogs Are Doggos: An Internet Language Built Around Love for the Puppers,http://www.npr.org/sections/alltechconsidered/2017/04/23/524514526/dogs-are-doggos-an-internet-language-built-around-love-for-the-puppers,npr.org,ALee
Linger – Device to create and broadcast a virtual crowd,https://jaspervanloenen.com/linger/,jaspervanloenen.com,javl
Checklist-Driven Security Considered Harmful,https://paragonie.com/blog/2017/04/checklist-driven-security-considered-harmful,paragonie.com,CiPHPerCoder
New approaches to network fast paths,https://lwn.net/Articles/719850/,lwn.net,signa11
Show HN: Infreqdb – S3 backed key/value database for infrequent read access,https://github.com/turbobytes/infreqdb,github.com,sajal83
Rethinking Design Tools in the Age of Machine Learning,https://medium.com/artists-and-machine-intelligence/rethinking-design-tools-in-the-age-of-machine-learning-369f3f07ab6c,medium.com,mayava
Tesla's Klaus Grohmann Ousted After Clash with CEO Musk,http://www.reuters.com/article/us-tesla-germany-exclusive-idUSKBN17T2IY,reuters.com,germinalphrase
How to Use Responsive Images,https://blog.ycombinator.com/how-to-use-responsive-images/,ycombinator.com,yoav
Breakthrough Listen publishes first analysis of 692 stars in ET search,https://www.universetoday.com/135281/breakthrough-listen-publishes-first-analysis-692-stars-et-searchi/,universetoday.com,acro
People Who Train Robots to Do Their Own Jobs,https://www.nytimes.com/2017/04/28/technology/meet-the-people-who-train-the-robots-to-do-their-own-jobs.html,nytimes.com,daschaefer
Pg_tsdtm – Distributed transaction management tools for PostgreSQL,https://github.com/postgrespro/pg_tsdtm,github.com,postila
A Change of Scenery for Startups,https://www.bloomberg.com/view/articles/2017-04-28/a-change-of-scenery-for-startups,bloomberg.com,HillaryBriss
NASA 4D-print ‘space chain mail’ to protect astronauts from flying meteorites,http://www.designboom.com/technology/nasa-space-fabric-4d-printing-04-27-2017/,designboom.com,aaron695
Essence of Calculus: Derivative Formulas Through Geometry,https://www.youtube.com/watch?v=S0_qX4VJhMQ,youtube.com,tinyrick2
An AI wrote all of David Hasselhoff’s lines in a bizarre short film,https://arstechnica.com/the-multiverse/2017/04/an-ai-wrote-all-of-david-hasselhoffs-lines-in-this-demented-short-film/,arstechnica.com,secretsinger
Net neutrality letter,https://docs.google.com/viewerng/viewer?url=https://static1.squarespace.com/static/571681753c44d835a440c8b5/t/590130fc29687fd0ac13f6e7/1493250301039/NetNeutralityLetter(3).pdf&wmode=opaque,docs.google.com,ptrptr
Comments on Consolidated Tape Association Plan/Consolidated Quotation Plan,https://www.sec.gov/comments/sr-ctacq-2017-02/ctacq201702.htm,sec.gov,walterbell
Communicating Sequential Processes (1978) [pdf],http://www.cs.ucf.edu/courses/cop4020/sum2009/CSP-hoare.pdf,ucf.edu,quineoa
"Unless It Changes, Capitalism Will Starve Humanity by 2050",https://www.forbes.com/sites/drewhansen/2016/02/09/unless-it-changes-capitalism-will-starve-humanity-by-2050/,forbes.com,Deinos
Ask HN: Anybody do maths as a hobby?,item?id=14224446,without site,examcoffee
I Worked at Fyre Festival. It Was Always Going to Be a Disaster,http://nymag.com/thecut/2017/04/fyre-festival-exumas-bahamas-disaster.html,nymag.com,j_s
Show HN: Tablo launches new 'Tinder for Books' reading app,http://tablo.io/goto/app/ios,tablo.io,ashdav
So you think you know what a number is,http://chris.improbable.org/2014/8/25/adventures-in-unicode-digits/,improbable.org,DamonHD
Show HN: Functions as a Service – the serverless framework powered by Docker,http://docs.get-faas.com/,get-faas.com,alexellisuk
A Geometric Algebra Implementation Using Binary Tree,https://hal-upec-upem.archives-ouvertes.fr/hal-01510078/document,archives-ouvertes.fr,grondilu
Ask HN: How do you measure traction?,item?id=14233212,without site,max_
Why You Should Have (at Least) Two Careers,https://hbr.org/2017/04/why-you-should-have-at-least-two-careers,hbr.org,prawn
Dynamic Storage Allocation: A Survey and Critical Review (1995) [pdf],http://www.cs.northwestern.edu/~pdinda/ics-s05/doc/dsa.pdf,northwestern.edu,jgrahamc
Demise of BeOS,https://www.reddit.com/r/programming/comments/68enhd/notes_on_the_design_of_bfs_beos_file_system_a/dgyhtvc/,reddit.com,dkarapetyan
Enabling DNS split authority with OctoDNS,https://githubengineering.com/enabling-split-authority-dns-with-octodns/,githubengineering.com,samlambert
Inside Seattle's West Point Treatment Plant Disaster,https://projects.seattletimes.com/2017/west-point/,seattletimes.com,optimiz3
“Restoring Internet Freedom” Notice of Proposed Rulemaking [pdf],http://transition.fcc.gov/Daily_Releases/Daily_Business/2017/db0427/DOC-344614A1.pdf,fcc.gov,sinak
Why Criminals Target Patient Data,https://www.protenus.com/blog/a-virtual-goldmine-why-criminals-target-patient-data-part-1,protenus.com,gk1
Show HN: Tweeple Search – Find relevant audience and influencers on Twitter,https://tweeplesearch.com/,tweeplesearch.com,shuss
Baking with the Bread Whisperers of Paris,http://www.saveur.com/baker-apprentice-frederic-lalos,saveur.com,bootload
Why My Handwriting Sucks: A Typographical Analysis,https://medium.com/@manibatra23/why-my-handwriting-sucks-a-typographical-analysis-9e0fc4756b71,medium.com,hellomaggiema
"When the State gets it wrong, innocent people die – I was almost one of them",https://medium.com/@damienechols/when-the-state-gets-it-wrong-innocent-people-die-i-was-almost-one-of-them-670c57d79796,medium.com,dsr12
Scraping Tinder selfies to make a dataset for AI experiments,https://techcrunch.com/2017/04/28/someone-scraped-40000-tinder-selfies-to-make-a-facial-dataset-for-ai-experiments/,techcrunch.com,denzil_correa
A is for Alphabet,https://abc.xyz/investor/founders-letters/2016/index.html,abc.xyz,pearlsteinj
What Is Digital Humanism?,http://kottke.org/17/04/what-is-digital-humanism,kottke.org,colinprince
Tor 0.3.0.6 is released: a new series is stable,https://blog.torproject.org/blog/tor-0306-released-new-series-stable,torproject.org,jakobdabo
Show HN: [WebGL Demo] Indirect Lighting Using Reflective Shadow Maps,https://erkaman.github.io/webgl-rsm/webgl-rsm.html,erkaman.github.io,erkaman
Twilio Video 1.0.0,https://www.twilio.com/blog/2017/04/programmable-video-peer-to-peer-rooms-ga.html,twilio.com,derek_frome
A PostgreSQL response to Uber [pdf],http://thebuild.com/presentations/uber-perconalive-2017.pdf,thebuild.com,Walkman
Nomx Passes Security Tests After Blogger Claims to Have Penetrated Nomx,https://nomx.com/#responsetosecuritybreakdown,nomx.com,mynewtb
A Trick That Hides Censored Websites Inside Cat Videos,https://www.theatlantic.com/technology/archive/2017/04/a-system-that-hides-censored-websites-inside-cat-videos/524247/?utm_source=atltw&amp;single_page=true,theatlantic.com,fraqed
3-D printing offers new approach to making buildings,http://news.mit.edu/2017/3-d-printing-buildings-0426,mit.edu,phr4ts
